"PID","ID_0","ISO","NAME_0","ID_1","NAME_1","ID_2","NAME_2","NL_NAME_2","VARNAME_2","TYPE_2","ENGTYPE_2"
25759,179,"POL","Poland",5,"Lesser Poland",105,"Miechów","","Powiat Miechowski","Powiat","County"
25760,179,"POL","Poland",5,"Lesser Poland",106,"Myslenice","","Powiat Myslenicki","Powiat","County"
25761,179,"POL","Poland",5,"Lesser Poland",107,"Nowy Sacz City","","Neu Sandez","Powiat","City"
25762,179,"POL","Poland",5,"Lesser Poland",108,"Nowy Sacz","","Powiat Nowosadecki","Powiat","County"
25763,179,"POL","Poland",5,"Lesser Poland",109,"Nowy Targ","","Powiat Nowotarski","Powiat","County"
25764,179,"POL","Poland",5,"Lesser Poland",110,"Oswiecim","","Powiat Oswiecimski","Powiat","County"
25765,179,"POL","Poland",5,"Lesser Poland",111,"Olkusz","","Powiat Olkuski","Powiat","County"
25766,179,"POL","Poland",5,"Lesser Poland",112,"Proszowice","","Powiat Proszowicki","Powiat","County"
25767,179,"POL","Poland",5,"Lesser Poland",113,"Sucha","","Powiat Suski","Powiat","County"
25768,179,"POL","Poland",5,"Lesser Poland",114,"Tarnów City","","Tarnau","Powiat","City"
25769,179,"POL","Poland",5,"Lesser Poland",115,"Tarnów","","Powiat Tarnowski","Powiat","County"
25770,179,"POL","Poland",5,"Lesser Poland",116,"Tatra","","Powiat Tatrzanski","Powiat","County"
25771,179,"POL","Poland",5,"Lesser Poland",117,"Wadowice","","Powiat Wadowicki","Powiat","County"
25772,179,"POL","Poland",5,"Lesser Poland",118,"Wieliczka","","Powiat Wielicki","Powiat","County"
25773,179,"POL","Poland",6,"Lower Silesian",119,"Sroda Slaska","","Powiat Sredzki","Powiat","County"
25774,179,"POL","Poland",6,"Lower Silesian",120,"Swidnica","","Powiat Swidnicki","Powiat","County"
25775,179,"POL","Poland",6,"Lower Silesian",121,"Boleslawiec","","Powiat Boleslawiecki","Powiat","County"
25776,179,"POL","Poland",6,"Lower Silesian",122,"Dzierzoniów","","Powiat Dzierzoniowski","Powiat","County"
25777,179,"POL","Poland",6,"Lower Silesian",123,"Glogów","","Powiat Glogowski","Powiat","County"
25778,179,"POL","Poland",6,"Lower Silesian",124,"Góra","","Powiat Górowski","Powiat","County"
25779,179,"POL","Poland",6,"Lower Silesian",125,"Jawor","","Powiat Jaworski","Powiat","County"
28740,179,"POL","Poland",1,"Lódz",1,"Leczyca","","Powiat Leczycki","Powiat","County"
28741,179,"POL","Poland",1,"Lódz",2,"Lask","","Powiat Laski","Powiat","County"
28742,179,"POL","Poland",1,"Lódz",3,"Lódz East","","Powiat Lódzki Wschodni","Powiat","County"
28743,179,"POL","Poland",1,"Lódz",4,"Lódz","","","Powiat","City"
28744,179,"POL","Poland",1,"Lódz",5,"Lowicz","","Powiat Lowicki","Powiat","County"
28745,179,"POL","Poland",1,"Lódz",6,"Belchatów","","Powiat Belchatowski","Powiat","County"
28746,179,"POL","Poland",1,"Lódz",7,"Brzeziny","","Powiat Brzezinski","Powiat","County"
28747,179,"POL","Poland",1,"Lódz",8,"Kutno","","Powiat Kutnowski","Powiat","County"
28748,179,"POL","Poland",1,"Lódz",9,"Opoczno","","Powiat Opoczynski","Powiat","County"
28749,179,"POL","Poland",1,"Lódz",10,"Pabianice","","Powiat Pabianicki","Powiat","County"
28750,179,"POL","Poland",1,"Lódz",11,"Pajeczno","","Powiat Pajeczanski","Powiat","County"
28751,179,"POL","Poland",1,"Lódz",12,"Piotrków Trybunalski","","","Powiat","City"
28752,179,"POL","Poland",1,"Lódz",13,"Piotrków","","Powiat Piotrkowski","Powiat","County"
28753,179,"POL","Poland",1,"Lódz",14,"Poddebice","","Powiat Poddebicki","Powiat","County"
28754,179,"POL","Poland",1,"Lódz",15,"Radomsko","","Powiat Radomszczanski","Powiat","County"
28755,179,"POL","Poland",1,"Lódz",16,"Rawa","","Powiat Rawski","Powiat","County"
28756,179,"POL","Poland",1,"Lódz",17,"Sieradz","","Powiat Sieradzki","Powiat","County"
28757,179,"POL","Poland",1,"Lódz",18,"Skierniewice City","","Skierniewice","Powiat","City"
28758,179,"POL","Poland",1,"Lódz",19,"Skierniewice","","Powiat Skierniewicki","Powiat","County"
28759,179,"POL","Poland",1,"Lódz",20,"Tomaszów Mazowiecki","","Powiat Tomaszowski","Powiat","County"
28760,179,"POL","Poland",1,"Lódz",21,"Wielun","","Powiat Wielunski","Powiat","County"
28761,179,"POL","Poland",1,"Lódz",22,"Wieruszów","","Powiat Wieruszowski","Powiat","County"
28762,179,"POL","Poland",1,"Lódz",23,"Zdunska Wola","","Powiat Zdunskowolski","Powiat","County"
28763,179,"POL","Poland",1,"Lódz",24,"Zgierz","","Powiat Zgierski","Powiat","County"
28764,179,"POL","Poland",2,"Swietokrzyskie",25,"Busko","","Powiat Buski","Powiat","County"
28765,179,"POL","Poland",2,"Swietokrzyskie",26,"Jedrzejów","","Powiat Jedrzejowski","Powiat","County"
28766,179,"POL","Poland",2,"Swietokrzyskie",27,"Kazimierza","","Powiat Kazimierski","Powiat","County"
28767,179,"POL","Poland",2,"Swietokrzyskie",28,"Kielce City","","","Powiat","City"
28768,179,"POL","Poland",2,"Swietokrzyskie",29,"Kielce","","Powiat Kielecki","Powiat","County"
28769,179,"POL","Poland",2,"Swietokrzyskie",30,"Konskie","","Powiat Konecki","Powiat","County"
28770,179,"POL","Poland",2,"Swietokrzyskie",31,"Opatów","","Powiat Opatowski","Powiat","County"
28771,179,"POL","Poland",2,"Swietokrzyskie",32,"Ostrowiec","","Powiat Ostrowiecki","Powiat","County"
28772,179,"POL","Poland",2,"Swietokrzyskie",33,"Pinczów","","Powiat Pinczowski","Powiat","County"
28773,179,"POL","Poland",2,"Swietokrzyskie",34,"Sandomierz","","Powiat Sandomierski","Powiat","County"
28774,179,"POL","Poland",2,"Swietokrzyskie",35,"Skarzysko","","Powiat Skarzyski","Powiat","County"
28775,179,"POL","Poland",2,"Swietokrzyskie",36,"Starachowice","","Powiat Starachowicki","Powiat","County"
28776,179,"POL","Poland",2,"Swietokrzyskie",37,"Staszów","","Powiat Staszowski","Powiat","County"
28777,179,"POL","Poland",2,"Swietokrzyskie",38,"Wloszczowa","","Powiat Wloszczowski","Powiat","County"
28778,179,"POL","Poland",3,"Greater Poland",39,"Srem","","Powiat Sremski","Powiat","County"
28779,179,"POL","Poland",3,"Greater Poland",40,"Sroda Wielkopolska","","Powiat Sredzki","Powiat","County"
28780,179,"POL","Poland",3,"Greater Poland",41,"Chodziez","","Powiat Chodzieski","Powiat","County"
28781,179,"POL","Poland",3,"Greater Poland",42,"Czarnków-Trzcianka","","Powiat Czarnkówsko-Trzcianecki","Powiat","County"
28782,179,"POL","Poland",3,"Greater Poland",43,"Gniezno","","Powiat Gnieznienski","Powiat","County"
28783,179,"POL","Poland",3,"Greater Poland",44,"Gostyn","","Powiat Gostynski","Powiat","County"
28784,179,"POL","Poland",3,"Greater Poland",45,"Grodzisk Wielkopolski","","Powiat Grodziski","Powiat","County"
28785,179,"POL","Poland",3,"Greater Poland",46,"Jarocin","","Powiat Jarocinski","Powiat","County"
28786,179,"POL","Poland",3,"Greater Poland",47,"Kepno","","Powiat Kepinski","Powiat","County"
28787,179,"POL","Poland",3,"Greater Poland",48,"Kalisz City","","","Powiat","City"
28788,179,"POL","Poland",3,"Greater Poland",49,"Kalisz","","Powiat Kaliski","Powiat","County"
28789,179,"POL","Poland",3,"Greater Poland",50,"Koscian","","Powiat Koscianski","Powiat","County"
28790,179,"POL","Poland",3,"Greater Poland",51,"Kolo","","Powiat Kolski","Powiat","County"
28791,179,"POL","Poland",3,"Greater Poland",52,"Konin City","","","Powiat","City"
28792,179,"POL","Poland",3,"Greater Poland",53,"Konin","","Powiat Koninski","Powiat","County"
28793,179,"POL","Poland",3,"Greater Poland",54,"Krotoszyn","","Powiat Krotoszynski","Powiat","County"
28794,179,"POL","Poland",3,"Greater Poland",55,"Leszno City","","Lissa","Powiat","City"
28795,179,"POL","Poland",3,"Greater Poland",56,"Leszno","","Powiat Leszczynski","Powiat","County"
28796,179,"POL","Poland",3,"Greater Poland",57,"Miedzychód","","Powiat Miedzychodzki","Powiat","County"
28797,179,"POL","Poland",3,"Greater Poland",58,"Nowy Tomysl","","Powiat Nowotomyski","Powiat","County"
28798,179,"POL","Poland",3,"Greater Poland",59,"Oborniki","","Powiat Obornicki","Powiat","County"
28799,179,"POL","Poland",3,"Greater Poland",60,"Ostrów Wielkopolski","","Powiat Ostrowski","Powiat","County"
28800,179,"POL","Poland",3,"Greater Poland",61,"Ostrzeszów","","Powiat Ostrzeszowski","Powiat","County"
28801,179,"POL","Poland",3,"Greater Poland",62,"Pila","","Powiat Pilski","Powiat","County"
28802,179,"POL","Poland",3,"Greater Poland",63,"Pleszew","","Powiat Pleszewski","Powiat","County"
28803,179,"POL","Poland",3,"Greater Poland",64,"Poznan City","","Posen","Powiat","City"
28804,179,"POL","Poland",3,"Greater Poland",65,"Poznan","","Powiat Poznanski","Powiat","County"
28805,179,"POL","Poland",3,"Greater Poland",66,"Rawicz","","Powiat Rawicki","Powiat","County"
28806,179,"POL","Poland",3,"Greater Poland",67,"Slupca","","Powiat Slupecki","Powiat","County"
28807,179,"POL","Poland",3,"Greater Poland",68,"Szamotuly","","Powiat Szamotulski","Powiat","County"
28808,179,"POL","Poland",3,"Greater Poland",69,"Turek","","Powiat Turecki","Powiat","County"
28809,179,"POL","Poland",3,"Greater Poland",70,"Wagrowiec","","Powiat Wagrowiecki","Powiat","County"
28810,179,"POL","Poland",3,"Greater Poland",71,"Wolsztyn","","Powiat Wolsztynski","Powiat","County"
28811,179,"POL","Poland",3,"Greater Poland",72,"Wrzesnia","","Powiat Wrzesinski","Powiat","County"
28812,179,"POL","Poland",3,"Greater Poland",73,"Zlotów","","Powiat Zlotówski","Powiat","County"
28813,179,"POL","Poland",4,"Kuyavian-Pomeranian",74,"Znin","","Powiat Zninski","Powiat","County"
28814,179,"POL","Poland",4,"Kuyavian-Pomeranian",75,"Swiecie","","Powiat Swiecki","Powiat","County"
28815,179,"POL","Poland",4,"Kuyavian-Pomeranian",76,"Aleksandrów","","Powiat Aleksandrowski","Powiat","County"
28816,179,"POL","Poland",4,"Kuyavian-Pomeranian",77,"Brodnica","","Powiat Brodnicki","Powiat","County"
28817,179,"POL","Poland",4,"Kuyavian-Pomeranian",78,"Bydgoszcz City","","Bromberg|Bydgostia","Powiat","City"
28818,179,"POL","Poland",4,"Kuyavian-Pomeranian",79,"Bydgoszcz","","Powiat Bydgoski","Powiat","County"
28819,179,"POL","Poland",4,"Kuyavian-Pomeranian",80,"Chelmno","","Powiat Chelminski","Powiat","County"
28820,179,"POL","Poland",4,"Kuyavian-Pomeranian",81,"Golub-Dobrzyn","","Powiat Golubsko-dobrzynski","Powiat","County"
28821,179,"POL","Poland",4,"Kuyavian-Pomeranian",82,"Grudziadz City","","Grudziadz|Graudenz","Powiat","City"
28822,179,"POL","Poland",4,"Kuyavian-Pomeranian",83,"Grudziadz","","Powiat Grudziadzki","Powiat","County"
28823,179,"POL","Poland",4,"Kuyavian-Pomeranian",84,"Inowroclaw","","Powiat Inowroclawski","Powiat","County"
28824,179,"POL","Poland",4,"Kuyavian-Pomeranian",85,"Lipno","","Powiat Lipnowski","Powiat","County"
28825,179,"POL","Poland",4,"Kuyavian-Pomeranian",86,"Mogilno","","Powiat Mogilenski","Powiat","County"
28826,179,"POL","Poland",4,"Kuyavian-Pomeranian",87,"Naklo","","Powiat Nakielski","Powiat","County"
28827,179,"POL","Poland",4,"Kuyavian-Pomeranian",88,"Radziejów","","Powiat Radziejowski","Powiat","County"
28828,179,"POL","Poland",4,"Kuyavian-Pomeranian",89,"Rypin","","Powiat Rypinski","Powiat","County"
28829,179,"POL","Poland",4,"Kuyavian-Pomeranian",90,"Sepólno","","Powiat Sepolenski","Powiat","County"
28830,179,"POL","Poland",4,"Kuyavian-Pomeranian",91,"Torun City","","Thorn","Powiat","City"
28831,179,"POL","Poland",4,"Kuyavian-Pomeranian",92,"Torun","","Powiat Torunski","Powiat","County"
28832,179,"POL","Poland",4,"Kuyavian-Pomeranian",93,"Tuchola","","Powiat Tucholski","Powiat","County"
28833,179,"POL","Poland",4,"Kuyavian-Pomeranian",94,"Wabrzezno","","Powiat Wabrzeski","Powiat","County"
28834,179,"POL","Poland",4,"Kuyavian-Pomeranian",95,"Wloclawek City","","Leslau","Powiat","City"
28835,179,"POL","Poland",4,"Kuyavian-Pomeranian",96,"Wloclawek","","Powiat Wloclawski","Powiat","County"
28836,179,"POL","Poland",5,"Lesser Poland",97,"Bochnia","","Powiat Bochenski","Powiat","County"
28837,179,"POL","Poland",5,"Lesser Poland",98,"Brzesko|Brzeg","","Powiat Brzeski","Powiat","County"
28838,179,"POL","Poland",5,"Lesser Poland",99,"Chrzanów","","Powiat Chrzanowski","Powiat","County"
28839,179,"POL","Poland",5,"Lesser Poland",100,"Dabrowa","","Powiat Dabrowski","Powiat","County"
28840,179,"POL","Poland",5,"Lesser Poland",101,"Gorlice","","Powiat Gorlicki","Powiat","County"
28841,179,"POL","Poland",5,"Lesser Poland",102,"Kraków City","","Krakau|Krakuf","Powiat","City"
28842,179,"POL","Poland",5,"Lesser Poland",103,"Kraków","","Powiat Krakowski","Powiat","County"
28843,179,"POL","Poland",5,"Lesser Poland",104,"Limanowa","","Powiat Limanowski","Powiat","County"
28844,179,"POL","Poland",6,"Lower Silesian",126,"Jelenia Góra City","","Hirschberg im Riesengebirge","Powiat","City"
28845,179,"POL","Poland",6,"Lower Silesian",127,"Jelenia Góra","","Powiat Jeleniogórski","Powiat","County"
28846,179,"POL","Poland",6,"Lower Silesian",128,"Klodzko","","Powiat Klodzki","Powiat","County"
28847,179,"POL","Poland",6,"Lower Silesian",129,"Kamienna","","Powiat Kamiennogórski","Powiat","County"
28848,179,"POL","Poland",6,"Lower Silesian",130,"Legnica","","Powiat Legnicki","Powiat","County"
28849,179,"POL","Poland",6,"Lower Silesian",131,"Luban","","Powiat Lubanski","Powiat","County"
28850,179,"POL","Poland",6,"Lower Silesian",132,"Lubin","","Powiat Lubinski","Powiat","County"
28851,179,"POL","Poland",6,"Lower Silesian",133,"Lwówek Slaski","","Powiat Lwówecki","Powiat","County"
28852,179,"POL","Poland",6,"Lower Silesian",134,"Milicz","","Powiat Milicki","Powiat","County"
28853,179,"POL","Poland",6,"Lower Silesian",135,"Olawa","","Powiat Olawski","Powiat","County"
28854,179,"POL","Poland",6,"Lower Silesian",136,"Olesnica","","Powiat Olesnicki","Powiat","County"
28855,179,"POL","Poland",6,"Lower Silesian",137,"Polkowice","","Powiat Polkowicki","Powiat","County"
28856,179,"POL","Poland",6,"Lower Silesian",138,"Strzelin","","Powiat Strzelinski","Powiat","County"
28857,179,"POL","Poland",6,"Lower Silesian",139,"Trzebnica","","Powiat Trzebnicki","Powiat","County"
28858,179,"POL","Poland",6,"Lower Silesian",140,"Walbrzych","","Powiat Walbrzyski","Powiat","County"
28859,179,"POL","Poland",6,"Lower Silesian",141,"Wolów","","Powiat Wolowski","Powiat","County"
28860,179,"POL","Poland",6,"Lower Silesian",142,"Wroclaw","","Powiat Wroclawski","Powiat","County"
28861,179,"POL","Poland",6,"Lower Silesian",143,"Zabkowice","","Powiat Zabkowicki","Powiat","County"
28862,179,"POL","Poland",6,"Lower Silesian",144,"Zlotoryja","","Powiat Zlotoryjski","Powiat","County"
28863,179,"POL","Poland",6,"Lower Silesian",145,"Zgorzelec","","Powiat Zgorzelecki","Powiat","County"
28864,179,"POL","Poland",7,"Lublin",146,"Leczna","","Powiat Leczynski","Powiat","County"
28865,179,"POL","Poland",7,"Lublin",147,"Luków","","Powiat Lukowski","Powiat","County"
28866,179,"POL","Poland",7,"Lublin",148,"Swidnik","","Powiat Swidnicki","Powiat","County"
28867,179,"POL","Poland",7,"Lublin",149,"Bilgoraj","","Powiat Bilgorajski","Powiat","County"
28868,179,"POL","Poland",7,"Lublin",150,"Biala Podlaska City","","","Powiat","City"
28869,179,"POL","Poland",7,"Lublin",151,"Biala Podlaska","","Powiat Bialski","Powiat","County"
28870,179,"POL","Poland",7,"Lublin",152,"Chelm City","","Kholm","Powiat","City"
28871,179,"POL","Poland",7,"Lublin",153,"Chelm","","Powiat Chelmski","Powiat","County"
28872,179,"POL","Poland",7,"Lublin",154,"Hrubieszów","","Powiat Hrubieszowski","Powiat","County"
28873,179,"POL","Poland",7,"Lublin",155,"Janów","","Powiat Janowski","Powiat","County"
28874,179,"POL","Poland",7,"Lublin",156,"Krasnik","","Powiat Krasnicki","Powiat","County"
28875,179,"POL","Poland",7,"Lublin",157,"Krasnystaw","","Powiat Krasnostawski","Powiat","County"
28876,179,"POL","Poland",7,"Lublin",158,"Lubartów","","Powiat Lubartowski","Powiat","County"
28877,179,"POL","Poland",7,"Lublin",159,"Lublin City","","","Powiat","City"
28878,179,"POL","Poland",7,"Lublin",160,"Lublin","","Powiat Lubelski","Powiat","County"
28879,179,"POL","Poland",7,"Lublin",161,"Opole Lubelskie","","Powiat Opolski","Powiat","County"
28880,179,"POL","Poland",7,"Lublin",162,"Parczew","","Powiat Parczewski","Powiat","County"
28881,179,"POL","Poland",7,"Lublin",163,"Pulawy","","Powiat Pulawski","Powiat","County"
28882,179,"POL","Poland",7,"Lublin",164,"Radzyn","","Powiat Radzynski","Powiat","County"
28883,179,"POL","Poland",7,"Lublin",165,"Ryki","","Powiat Rycki","Powiat","County"
28884,179,"POL","Poland",7,"Lublin",166,"Tomaszów","","Powiat Tomaszowski","Powiat","County"
28885,179,"POL","Poland",7,"Lublin",167,"Wlodawa","","Powiat Wlodawski","Powiat","County"
28886,179,"POL","Poland",7,"Lublin",168,"Zamosc City","","","Powiat","City"
28887,179,"POL","Poland",7,"Lublin",169,"Zamosc","","Powiat Zamojski","Powiat","County"
28888,179,"POL","Poland",8,"Lubusz",170,"Zagan","","Powiat Zaganski","Powiat","County"
28889,179,"POL","Poland",8,"Lubusz",171,"Zary","","Powiat Zarski","Powiat","County"
28890,179,"POL","Poland",8,"Lubusz",172,"Swiebodzin","","Powiat Swiebodzinski","Powiat","County"
28891,179,"POL","Poland",8,"Lubusz",173,"Gorzów Wielkopolski","","Landsberg an der Warthe","Powiat","City"
28892,179,"POL","Poland",8,"Lubusz",174,"Gorzów","","Powiat Gorzowski","Powiat","County"
28893,179,"POL","Poland",8,"Lubusz",175,"Krosno Odrzanskie","","Powiat Krosnienski","Powiat","County"
28894,179,"POL","Poland",8,"Lubusz",176,"Miedzyrzecz","","Powiat Miedzyrzecki","Powiat","County"
28895,179,"POL","Poland",8,"Lubusz",177,"Nowa Sól","","Powiat Nowosolski","Powiat","County"
28896,179,"POL","Poland",8,"Lubusz",178,"Slubice","","Powiat Slubicki","Powiat","County"
28897,179,"POL","Poland",8,"Lubusz",179,"Strzelce-Drezdenko","","Powiat Strzelecko-drezdenecki","Powiat","County"
28898,179,"POL","Poland",8,"Lubusz",180,"Sulecin","","Powiat Sulecinski","Powiat","County"
28899,179,"POL","Poland",8,"Lubusz",181,"Wschowa","","Powiat Wschowski","Powiat","County"
28900,179,"POL","Poland",8,"Lubusz",182,"Zielona Góra","","Powiat Zielonogórski","Powiat","County"
28901,179,"POL","Poland",8,"Lubusz",183,"Zielona","","Grünberg in Schlesien","Powiat","City"
28902,179,"POL","Poland",9,"Masovian",184,"Losice","","Powiat Losicki","Powiat","County"
28903,179,"POL","Poland",9,"Masovian",185,"Zuromin","","Powiat Zurominski","Powiat","County"
28904,179,"POL","Poland",9,"Masovian",186,"Zyrardów","","Powiat Zyrardowski","Powiat","County"
28905,179,"POL","Poland",9,"Masovian",187,"Bialobrzegi","","Powiat Bialobrzeski","Powiat","County"
28906,179,"POL","Poland",9,"Masovian",188,"Ciechanów","","Powiat Ciechanowski","Powiat","County"
28907,179,"POL","Poland",9,"Masovian",189,"Garwolin","","Powiat Garwolinski","Powiat","County"
28908,179,"POL","Poland",9,"Masovian",190,"Gostynin","","Powiat Gostyninski","Powiat","County"
28909,179,"POL","Poland",9,"Masovian",191,"Grodzisk Mazowiecki","","Powiat Grodziski","Powiat","County"
28910,179,"POL","Poland",9,"Masovian",192,"Grójec","","Powiat Grójecki","Powiat","County"
28911,179,"POL","Poland",9,"Masovian",193,"Kozienice","","Powiat Kozienicki","Powiat","County"
28912,179,"POL","Poland",9,"Masovian",194,"Legionowo","","Legionowski","Powiat","County"
28913,179,"POL","Poland",9,"Masovian",195,"Lipsko","","Powiat Lipski|Lipski","Powiat","County"
28914,179,"POL","Poland",9,"Masovian",196,"Mlawa","","Powiat Mlawski","Powiat","County"
28915,179,"POL","Poland",9,"Masovian",197,"Maków","","Powiat Makowski","Powiat","County"
28916,179,"POL","Poland",9,"Masovian",198,"Minsk","","Powiat Minski","Powiat","County"
28917,179,"POL","Poland",9,"Masovian",199,"Nowy Dwór Mazowiecki","","Powiat Nowodworski","Powiat","County"
28918,179,"POL","Poland",9,"Masovian",200,"Ostroleka City","","","Powiat","City"
28919,179,"POL","Poland",9,"Masovian",201,"Ostroleka","","Powiat Ostrolecki","Powiat","County"
28920,179,"POL","Poland",9,"Masovian",202,"Ostrów Mazowiecka","","Powiat Ostrowski","Powiat","County"
28921,179,"POL","Poland",9,"Masovian",203,"Otwock","","Powiat Otwocki","Powiat","County"
28922,179,"POL","Poland",9,"Masovian",204,"Plonsk","","Powiat Plonski","Powiat","County"
28923,179,"POL","Poland",9,"Masovian",205,"Plock City","","","Powiat","City"
28924,179,"POL","Poland",9,"Masovian",206,"Plock","","Powiat Plocki","Powiat","County"
28925,179,"POL","Poland",9,"Masovian",207,"Piaseczno","","Powiat Piaseczynski","Powiat","County"
28926,179,"POL","Poland",9,"Masovian",208,"Pruszków","","Powiat Pruszkowski","Powiat","County"
28927,179,"POL","Poland",9,"Masovian",209,"Przasnysz","","Powiat Przasnyski","Powiat","County"
28928,179,"POL","Poland",9,"Masovian",210,"Przysucha","","Powiat Przysuski","Powiat","County"
28929,179,"POL","Poland",9,"Masovian",211,"Pultusk","","Powiat Pultuski","Powiat","County"
28930,179,"POL","Poland",9,"Masovian",212,"Radom City","","","Powiat","City"
28931,179,"POL","Poland",9,"Masovian",213,"Radom","","Powiat Radomski","Powiat","County"
28932,179,"POL","Poland",9,"Masovian",214,"Siedlce City","","Shedlits","Powiat","City"
28933,179,"POL","Poland",9,"Masovian",215,"Siedlce","","Powiat Siedlecki","Powiat","County"
28934,179,"POL","Poland",9,"Masovian",216,"Sierpc","","Powiat Sierpecki","Powiat","County"
28935,179,"POL","Poland",9,"Masovian",217,"Sochaczew","","Powiat Sochaczewski","Powiat","County"
28936,179,"POL","Poland",9,"Masovian",218,"Sokolów","","Powiat Sokolowski","Powiat","County"
28937,179,"POL","Poland",9,"Masovian",219,"Szydlowiec","","Powiat Szydlowiecki","Powiat","County"
28938,179,"POL","Poland",9,"Masovian",220,"Wegrów","","Powiat Wegrowski","Powiat","County"
28939,179,"POL","Poland",9,"Masovian",221,"Warsaw West","","Warszawski zachodni","Powiat","County"
28940,179,"POL","Poland",9,"Masovian",222,"Warsaw","","Powiat Warszawa","Powiat","City"
28941,179,"POL","Poland",9,"Masovian",223,"Wolomin","","Powiat Wolominski","Powiat","County"
28942,179,"POL","Poland",9,"Masovian",224,"Wyszków","","Powiat Wyszkowski","Powiat","County"
28943,179,"POL","Poland",9,"Masovian",225,"Zwolen","","Powiat Zwolenski","Powiat","County"
28944,179,"POL","Poland",10,"Opole",226,"Brzeg","","Powiat Brzeski","Powiat","County"
28945,179,"POL","Poland",10,"Opole",227,"Glubczyce","","Powiat Glubczycki","Powiat","County"
28946,179,"POL","Poland",10,"Opole",228,"Kedzierzyn-Kozle","","Powiat Kedzierzynsko-kozielski","Powiat","County"
28947,179,"POL","Poland",10,"Opole",229,"Kluczbork","","Powiat Kluczborski","Powiat","County"
28948,179,"POL","Poland",10,"Opole",230,"Krapkowice","","Powiat Krapkowicki","Powiat","County"
28949,179,"POL","Poland",10,"Opole",231,"Namyslów","","Powiat Namyslowski","Powiat","County"
28950,179,"POL","Poland",10,"Opole",232,"Nysa","","Powiat Nyski","Powiat","County"
28951,179,"POL","Poland",10,"Opole",233,"Olesno","","Powiat Oleski","Powiat","County"
28952,179,"POL","Poland",10,"Opole",234,"Ople","","Oppeln","Powiat","City"
28953,179,"POL","Poland",10,"Opole",235,"Opole","","Powiat Opolski","Powiat","County"
28954,179,"POL","Poland",10,"Opole",236,"Prudnik","","Powiat Prudnicki","Powiat","County"
28955,179,"POL","Poland",10,"Opole",237,"Strzelce","","Powiat Strzelecki","Powiat","County"
28956,179,"POL","Poland",11,"Podlachian",238,"Lomza City","","","Powiat","City"
28957,179,"POL","Poland",12,"Pomeranian",261,"Kartuzy","","Powiat Kartuski","Powiat","County"
28958,179,"POL","Poland",12,"Pomeranian",262,"Koscierzyna","","Powiat Koscierski","Powiat","County"
28959,179,"POL","Poland",12,"Pomeranian",263,"Kwidzyn","","Powiat Kwidzynski","Powiat","County"
28960,179,"POL","Poland",12,"Pomeranian",264,"Lebork","","Powiat Leborski","Powiat","County"
28961,179,"POL","Poland",12,"Pomeranian",265,"Malbork","","Powiat Malborski","Powiat","County"
28962,179,"POL","Poland",12,"Pomeranian",266,"Nowy Dwór Gdanski","","Powiat Nowodworski","Powiat","County"
28963,179,"POL","Poland",12,"Pomeranian",267,"Puck","","Powiat Pucki","Powiat","County"
28964,179,"POL","Poland",12,"Pomeranian",268,"Slupsk City","","Stolp in Pommern|Stolpe","Powiat","City"
28965,179,"POL","Poland",12,"Pomeranian",269,"Slupsk","","Powiat Slupski","Powiat","County"
28966,179,"POL","Poland",12,"Pomeranian",270,"Sopot","","Zoppot|Sopòt","Powiat","City"
28967,179,"POL","Poland",12,"Pomeranian",271,"Starogard","","Powiat Starogardzki","Powiat","County"
28968,179,"POL","Poland",12,"Pomeranian",272,"Sztum","","Powiat Sztumski","Powiat","County"
28969,179,"POL","Poland",12,"Pomeranian",273,"Tczew","","Powiat Tczewski","Powiat","County"
28970,179,"POL","Poland",12,"Pomeranian",274,"Wejherowo","","Powiat Wejherowski","Powiat","County"
28971,179,"POL","Poland",13,"Silesian",275,"Zory","","Sohrau","Powiat","City"
28972,179,"POL","Poland",13,"Silesian",276,"Swietochlowice","","Schwientochlowitz|Schwingen","Powiat","City"
28973,179,"POL","Poland",13,"Silesian",277,"Zywiec","","Powiat Zywiecki","Powiat","County"
28974,179,"POL","Poland",13,"Silesian",278,"Bedzin","","Powiat Bedzinski","Powiat","County"
28975,179,"POL","Poland",13,"Silesian",279,"Bielsko-Biala","","Bílsko-Belá|Bielitz-Biala","Powiat","City"
28976,179,"POL","Poland",13,"Silesian",280,"Bielsko","","Powiat Bielski","Powiat","County"
28977,179,"POL","Poland",13,"Silesian",281,"Bierun-Ledziny","","Powiat Bierunsko-ledzinski","Powiat","County"
28978,179,"POL","Poland",13,"Silesian",282,"Bytom","","Beuthen","Powiat","City"
28979,179,"POL","Poland",11,"Podlachian",239,"Lomza","","Powiat Lomzynski","Powiat","County"
28980,179,"POL","Poland",11,"Podlachian",240,"Augustów","","Powiat Augustowski","Powiat","County"
28981,179,"POL","Poland",11,"Podlachian",241,"Bialystok City","","","Powiat","City"
28982,179,"POL","Poland",11,"Podlachian",242,"Bialystok","","Powiat Bialostocki","Powiat","County"
28983,179,"POL","Poland",11,"Podlachian",243,"Bielsk","","Powiat Bielski","Powiat","County"
28984,179,"POL","Poland",11,"Podlachian",244,"Grajewo","","Powiat Grajewski","Powiat","County"
28985,179,"POL","Poland",11,"Podlachian",245,"Hajnówka","","Powiat Hajnowski","Powiat","County"
28986,179,"POL","Poland",11,"Podlachian",246,"Kolno","","Powiat Kolnenski","Powiat","County"
28987,179,"POL","Poland",11,"Podlachian",247,"Monki","","Powiat Moniecki","Powiat","County"
28988,179,"POL","Poland",11,"Podlachian",248,"Sejny","","Powiat Sejnenski","Powiat","County"
28989,179,"POL","Poland",11,"Podlachian",249,"Siemiatycze","","Powiat Siemiatycki","Powiat","County"
28990,179,"POL","Poland",11,"Podlachian",250,"Sokólka","","Powiat Sokólski","Powiat","County"
28991,179,"POL","Poland",11,"Podlachian",251,"Suwalki City","","Suvalkai|Suwalk|Suwalken","Powiat","City"
28992,179,"POL","Poland",11,"Podlachian",252,"Suwalki","","Powiat Suwalski","Powiat","County"
28993,179,"POL","Poland",11,"Podlachian",253,"Wysokie Mazowieckie","","Powiat Wysokomazowiecki","Powiat","County"
28994,179,"POL","Poland",11,"Podlachian",254,"Zambrów","","Powiat Zambrowski","Powiat","County"
28995,179,"POL","Poland",12,"Pomeranian",255,"Bytów","","Powiat Bytowski","Powiat","County"
28996,179,"POL","Poland",12,"Pomeranian",256,"Chojnice","","Powiat Chojnicki","Powiat","County"
28997,179,"POL","Poland",12,"Pomeranian",257,"Czluchów","","Powiat Czluchowski","Powiat","County"
28998,179,"POL","Poland",12,"Pomeranian",258,"Gdansk City","","Gdunsk|Gdunsk","Powiat","City"
28999,179,"POL","Poland",12,"Pomeranian",259,"Gdansk","","Powiat Gdanski","Powiat","County"
29000,179,"POL","Poland",12,"Pomeranian",260,"Gdynia","","Gdingen|Gotenhafen|Gdiniô","Powiat","City"
29001,179,"POL","Poland",13,"Silesian",283,"Chorzów","","Königshütte","Powiat","City"
29002,179,"POL","Poland",13,"Silesian",284,"Cieszyn","","Powiat Cieszynski","Powiat","County"
29003,179,"POL","Poland",13,"Silesian",285,"Czestochowa City","","Censtochová|Tschenstochau|Chenstekhov","Powiat","City"
29004,179,"POL","Poland",13,"Silesian",286,"Czestochowa","","Powiat Czestochowski","Powiat","County"
29005,179,"POL","Poland",13,"Silesian",287,"Dabrowa Górnicza","","","Powiat","City"
29006,179,"POL","Poland",13,"Silesian",288,"Gliwice City","","","Powiat","City"
29007,179,"POL","Poland",13,"Silesian",289,"Gliwice","","Powiat Gliwicki","Powiat","County"
29008,179,"POL","Poland",13,"Silesian",290,"Jastrzebie-Zdrój","","","Powiat","City"
29009,179,"POL","Poland",13,"Silesian",291,"Jaworzno","","Arnshalde|Javožno","Powiat","City"
29010,179,"POL","Poland",13,"Silesian",292,"Klobuck","","Powiat Klobucki","Powiat","County"
29011,179,"POL","Poland",13,"Silesian",293,"Katowice City","","Kattowitz|Katovice","Powiat","City"
29012,179,"POL","Poland",13,"Silesian",294,"Lubliniec","","Powiat Lubliniecki","Powiat","County"
29013,179,"POL","Poland",13,"Silesian",295,"Mikolów","","Powiat Mikolowski","Powiat","County"
29014,179,"POL","Poland",13,"Silesian",296,"Myslowice","","","Powiat","City"
29015,179,"POL","Poland",13,"Silesian",297,"Myszków","","Powiat Myszkowski","Powiat","County"
29016,179,"POL","Poland",13,"Silesian",298,"Piekary Slaskie","","Deutsch Piekar","Powiat","City"
29017,179,"POL","Poland",13,"Silesian",299,"Pszczyna","","Powiat Pszczynski","Powiat","County"
29018,179,"POL","Poland",13,"Silesian",300,"Racibórz","","Powiat Raciborski","Powiat","County"
29019,179,"POL","Poland",13,"Silesian",301,"Ruda Slaska","","","Powiat","City"
29020,179,"POL","Poland",13,"Silesian",302,"Rybnik City","","Ribnik","Powiat","City"
29021,179,"POL","Poland",13,"Silesian",303,"Rybnik","","Powiat Rybnicki","Powiat","County"
29022,179,"POL","Poland",13,"Silesian",304,"Siemianowice Slaskie","","Siemianowitz|Laurahütte","Powiat","City"
29023,179,"POL","Poland",13,"Silesian",305,"Sosnowiec","","","Powiat","City"
29024,179,"POL","Poland",13,"Silesian",306,"Tarnowskie","","Powiat Tarnogórski","Powiat","County"
29025,179,"POL","Poland",13,"Silesian",307,"Tychy City","","Tichau","Powiat","City"
29026,179,"POL","Poland",13,"Silesian",308,"Wodzislaw","","Powiat Wodzislawski","Powiat","County"
29027,179,"POL","Poland",13,"Silesian",309,"Zabrze","","","Powiat","City"
29028,179,"POL","Poland",13,"Silesian",310,"Zawiercie","","Powiat Zawiercianski","Powiat","County"
29029,179,"POL","Poland",14,"Subcarpathian",311,"Lancut","","Powiat Lancucki","Powiat","County"
29030,179,"POL","Poland",14,"Subcarpathian",312,"Bieszczady","","Powiat Bieszczadzki","Powiat","County"
29031,179,"POL","Poland",14,"Subcarpathian",313,"Brzozów","","Powiat Brzozowski","Powiat","County"
29032,179,"POL","Poland",14,"Subcarpathian",314,"Debica","","Powiat Debicki","Powiat","County"
29033,179,"POL","Poland",14,"Subcarpathian",315,"Jaroslaw","","Powiat Jaroslawski","Powiat","County"
29034,179,"POL","Poland",14,"Subcarpathian",316,"Jaslo","","Powiat Jasielski","Powiat","County"
29035,179,"POL","Poland",14,"Subcarpathian",317,"Kolbuszowa","","Powiat Kolbuszowski","Powiat","County"
29036,179,"POL","Poland",14,"Subcarpathian",318,"Krosno City","","Grozki Krosnienski","Powiat","City"
29037,179,"POL","Poland",14,"Subcarpathian",319,"Krosno","","Powiat Krosnienski","Powiat","County"
29038,179,"POL","Poland",14,"Subcarpathian",320,"Lezajsk","","Powiat Lezajski","Powiat","County"
29039,179,"POL","Poland",14,"Subcarpathian",321,"Lesko","","Powiat Leski","Powiat","County"
29040,179,"POL","Poland",14,"Subcarpathian",322,"Lubaczów","","Powiat Lubaczowski","Powiat","County"
29041,179,"POL","Poland",14,"Subcarpathian",323,"Mielec","","Powiat Mielecki","Powiat","County"
29042,179,"POL","Poland",14,"Subcarpathian",324,"Nisko","","Powiat Nizanski","Powiat","County"
29043,179,"POL","Poland",14,"Subcarpathian",325,"Przemysl City","","Grodzki Przemyski|Prömsel","Powiat","City"
29044,179,"POL","Poland",14,"Subcarpathian",326,"Przemysl","","Powiat Przemyski","Powiat","County"
29045,179,"POL","Poland",14,"Subcarpathian",327,"Przeworsk","","Powiat Przeworski","Powiat","County"
29046,179,"POL","Poland",14,"Subcarpathian",328,"Ropczyce-Sedziszów","","Powiat Ropczycko-sedziszowski","Powiat","County"
29047,179,"POL","Poland",14,"Subcarpathian",329,"Rzeszów City","","Grozki Rzeszówski","Powiat","City"
29048,179,"POL","Poland",14,"Subcarpathian",330,"Rzeszów","","Powiat Rzeszowski","Powiat","County"
29049,179,"POL","Poland",14,"Subcarpathian",331,"Sanok","","Powiat Sanocki","Powiat","County"
29050,179,"POL","Poland",14,"Subcarpathian",332,"Stalowa Wola","","Powiat Stalowowolski","Powiat","County"
29051,179,"POL","Poland",14,"Subcarpathian",333,"Strzyzów","","Powiat Strzyzowski","Powiat","County"
29052,179,"POL","Poland",14,"Subcarpathian",334,"Tarnobrzeg City","","Grodzki Tarnobrzeski","Powiat","City"
29053,179,"POL","Poland",14,"Subcarpathian",335,"Tarnobrzeg","","Powiat Tarnobrzeski","Powiat","County"
29054,179,"POL","Poland",15,"Warmian-Masurian",336,"Bartoszyce","","Powiat Bartoszycki","Powiat","County"
29055,179,"POL","Poland",15,"Warmian-Masurian",337,"Braniewo","","Powiat Braniewski","Powiat","County"
29056,179,"POL","Poland",15,"Warmian-Masurian",338,"Dzialdowo","","Powiat Dzialdowski","Powiat","County"
29057,179,"POL","Poland",15,"Warmian-Masurian",339,"Elk","","Powiat Elcki","Powiat","County"
29058,179,"POL","Poland",15,"Warmian-Masurian",340,"Elblag","","Powiat Elblaski","Powiat","County"
29059,179,"POL","Poland",15,"Warmian-Masurian",341,"Gizycko","","Powiat Gizycki","Powiat","County"
29060,179,"POL","Poland",15,"Warmian-Masurian",342,"Goldap","","Powiat Goldapski","Powiat","County"
29061,179,"POL","Poland",15,"Warmian-Masurian",343,"Ilawa","","Powiat Ilawski","Powiat","County"
29062,179,"POL","Poland",15,"Warmian-Masurian",344,"Ketrzyn","","Powiat Ketrzynski","Powiat","County"
29063,179,"POL","Poland",15,"Warmian-Masurian",345,"Lidzbark","","Powiat Lidzbarski","Powiat","County"
29064,179,"POL","Poland",15,"Warmian-Masurian",346,"Mragowo","","Powiat Mragowski","Powiat","County"
29065,179,"POL","Poland",15,"Warmian-Masurian",347,"Nidzica","","Powiat Nidzicki","Powiat","County"
29066,179,"POL","Poland",15,"Warmian-Masurian",348,"Nowe Miasto Lubawskie","","Powiat Nowomiejski","Powiat","County"
29067,179,"POL","Poland",15,"Warmian-Masurian",349,"Olecko","","Powiat Olecki","Powiat","County"
29068,179,"POL","Poland",15,"Warmian-Masurian",350,"Olsztyn City","","Allenstein|Alnasteini","Powiat","City"
29069,179,"POL","Poland",15,"Warmian-Masurian",351,"Olsztyn","","Powiat Olsztynski","Powiat","County"
29070,179,"POL","Poland",15,"Warmian-Masurian",352,"Ostróda","","Powiat Ostródzki","Powiat","County"
29071,179,"POL","Poland",15,"Warmian-Masurian",353,"Pisz","","Powiat Piski","Powiat","County"
29072,179,"POL","Poland",15,"Warmian-Masurian",354,"Szczytno","","Powiat Szczycienski","Powiat","County"
29073,179,"POL","Poland",15,"Warmian-Masurian",355,"Wegorzewo","","Powiat Wegorzewski","Powiat","County"
29074,179,"POL","Poland",16,"West Pomeranian",356,"Lobez","","Powiat Lobeski","Powiat","County"
29075,179,"POL","Poland",16,"West Pomeranian",357,"Swidwin","","Powiat Swidwinski","Powiat","County"
29076,179,"POL","Poland",16,"West Pomeranian",358,"Swinoujscie","","Swinemünde","Powiat","City"
29077,179,"POL","Poland",16,"West Pomeranian",359,"Bialogard","","Powiat Bialogardzki","Powiat","County"
29078,179,"POL","Poland",16,"West Pomeranian",360,"Choszczno","","Powiat Choszczenski","Powiat","County"
29079,179,"POL","Poland",16,"West Pomeranian",361,"Drawsko","","Powiat Drawski","Powiat","County"
29080,179,"POL","Poland",16,"West Pomeranian",362,"Goleniów","","Powiat Goleniowski","Powiat","County"
29081,179,"POL","Poland",16,"West Pomeranian",363,"Gryfice","","Powiat Gryficki","Powiat","County"
29082,179,"POL","Poland",16,"West Pomeranian",364,"Gryfino","","Powiat Gryfinski","Powiat","County"
29083,179,"POL","Poland",16,"West Pomeranian",365,"Kamien","","Powiat Kamienski","Powiat","County"
29084,179,"POL","Poland",16,"West Pomeranian",366,"Kolobrzeg","","Powiat Kolobrzeski","Powiat","County"
29085,179,"POL","Poland",16,"West Pomeranian",367,"Koszalin City","","Köslin|Kòszalëno|Scurgum","Powiat","City"
29086,179,"POL","Poland",16,"West Pomeranian",368,"Koszalin","","Powiat Koszalinski","Powiat","County"
29087,179,"POL","Poland",16,"West Pomeranian",369,"Myslibórz","","Powiat Mysliborski","Powiat","County"
29088,179,"POL","Poland",16,"West Pomeranian",370,"Police","","Powiat Policki","Powiat","County"
29089,179,"POL","Poland",16,"West Pomeranian",371,"Pyrzyce","","Powiat Pyrzycki","Powiat","County"
29090,179,"POL","Poland",16,"West Pomeranian",372,"Slawno","","Powiat Slawienski","Powiat","County"
29091,179,"POL","Poland",16,"West Pomeranian",373,"Stargard","","Powiat Stargardzki","Powiat","County"
29092,179,"POL","Poland",16,"West Pomeranian",374,"Szczecin","","Stettin|Sztetëno|Stetinum","Powiat","City"
29093,179,"POL","Poland",16,"West Pomeranian",375,"Szczecinek","","Powiat Szczecinecki","Powiat","County"
29094,179,"POL","Poland",16,"West Pomeranian",376,"Walcz","","Powiat Walecki","Powiat","County"
